feature,importance
num__cibil_score,0.8321757547397112
num__loan_term,0.07901071425991478
num__loan_income_ratio,0.05127702379095774
num__loan_amount,0.013181511218167824
num__total_assets,0.011390225894216763
num__income_annum,0.008329316889095124
num__no_of_dependents,0.003016873596674167
cat__education_Not Graduate,0.000825613780585303
cat__self_employed_Yes,0.0007929658306771796
